scenario,total_projected_revenue,total_projected_profit,final_customers,roi
Base Case,12184488.634759083,4559395.453903634,6288.0,37.419670127943654
Optimistic,12280716.658401784,4357621.111006821,19734.437632821668,35.48344312646916
Pessimistic,12089107.077890754,4632599.092798965,1775.9169253925286,38.32044056646107
